id,full_name,email,phone,role_applied,department,experience_years,created_at
1,Alok Reddy,alok.reddy@gmail.com,7900472256,Full Stack Developer,Engineering,2.0,2026-04-01 00:00:00
2,Bhavesh Kaur,bhavesh.kaur@gmail.com,9701058811,Backend Developer,Engineering,3.4,2026-04-02 00:00:00
3,Priya Khan,priya.khan@gmail.com,7642673524,Frontend Developer,Engineering,4.8,2026-04-03 00:00:00
4,Tarun Mishra,tarun.mishra@gmail.com,9993185352,Data Analyst,Analytics,5.0,2026-04-04 00:00:00
5,Harsh Srivastava,harsh.srivastava@gmail.com,9605384995,Product Manager,Product,6.4,2026-04-05 00:00:00
6,Ansh Sinha,ansh.sinha@gmail.com,8584915139,DevOps Engineer,Infrastructure,7.8,2026-04-06 00:00:00
7,Urvashi Gupta,urvashi.gupta@gmail.com,7987938588,QA Engineer,Quality Assurance,8.0,2026-04-07 00:00:00
8,Komal Sinha,komal.sinha@gmail.com,9972957268,UX Designer,Design,9.4,2026-04-08 00:00:00
9,Mihir Shah,mihir.shah@gmail.com,7801758427,Machine Learning Engineer,AI Research,10.8,2026-04-09 00:00:00
10,Ashwin Bose,ashwin.bose@gmail.com,9188149013,Android Developer,Mobile,11.0,2026-04-10 00:00:00
11,Minal Sen,minal.sen@gmail.com,8086486949,Full Stack Developer,Engineering,12.4,2026-04-11 00:00:00
12,Charu Prasad,charu.prasad@gmail.com,7950219719,Backend Developer,Engineering,13.8,2026-04-12 00:00:00
13,Poonam Rao,poonam.rao@gmail.com,9586148041,Frontend Developer,Engineering,2.0,2026-04-13 00:00:00
14,Nidhi Sharma,nidhi.sharma@gmail.com,7683762628,Data Analyst,Analytics,3.4,2026-04-14 00:00:00
15,Prashant Khan,prashant.khan@gmail.com,7347551277,Product Manager,Product,4.8,2026-04-15 00:00:00
16,Aarav Bhatt,aarav.bhatt@gmail.com,8516146467,DevOps Engineer,Infrastructure,5.0,2026-04-16 00:00:00
17,Sandhya Yadav,sandhya.yadav@gmail.com,8912673248,QA Engineer,Quality Assurance,6.4,2026-04-17 00:00:00
18,Hemant Sen,hemant.sen@gmail.com,9718380907,UX Designer,Design,7.8,2026-04-18 00:00:00
19,Siddharth Tripathi,siddharth.tripathi@gmail.com,9920022304,Machine Learning Engineer,AI Research,8.0,2026-04-19 00:00:00
20,Ritu Gupta,ritu.gupta@gmail.com,9038037734,Android Developer,Mobile,9.4,2026-04-20 00:00:00
21,Monika Kaur,monika.kaur@gmail.com,7565521069,Full Stack Developer,Engineering,10.8,2026-04-21 00:00:00
22,Ashwin Verma,ashwin.verma@gmail.com,8479159800,Backend Developer,Engineering,11.0,2026-04-22 00:00:00
23,Dinesh Kumar,dinesh.kumar@gmail.com,9317777461,Frontend Developer,Engineering,12.4,2026-04-23 00:00:00
24,Sahil Verma,sahil.verma@gmail.com,9828641734,Data Analyst,Analytics,13.8,2026-04-24 00:00:00
25,Yash Bansal,yash.bansal@gmail.com,9463959436,Product Manager,Product,2.0,2026-04-25 00:00:00
26,Preeti Menon,preeti.menon@gmail.com,7693033150,DevOps Engineer,Infrastructure,3.4,2026-04-26 00:00:00
27,Ritu Reddy,ritu.reddy@gmail.com,9585118748,QA Engineer,Quality Assurance,4.8,2026-04-27 00:00:00
28,Ansh Dubey,ansh.dubey@gmail.com,7706879490,UX Designer,Design,5.0,2026-04-28 00:00:00
29,Sonal Agarwal,sonal.agarwal@gmail.com,8634526262,Machine Learning Engineer,AI Research,6.4,2026-04-29 00:00:00
30,Pratik Gupta,pratik.gupta@gmail.com,8593332744,Android Developer,Mobile,7.8,2026-04-30 00:00:00
31,Manish Kapoor,manish.kapoor@gmail.com,8099191960,Full Stack Developer,Engineering,8.0,2026-05-01 00:00:00
32,Karan Bansal,karan.bansal@gmail.com,9982501040,Backend Developer,Engineering,9.4,2026-05-02 00:00:00
33,Ashwin Prasad,ashwin.prasad@gmail.com,8123061542,Frontend Developer,Engineering,10.8,2026-05-03 00:00:00
34,Sakshi Jain,sakshi.jain@gmail.com,8996946922,Data Analyst,Analytics,11.0,2026-05-04 00:00:00
35,Rohit Pillai,rohit.pillai@gmail.com,9056708338,Product Manager,Product,12.4,2026-05-05 00:00:00
36,Komal Krishnan,komal.krishnan@gmail.com,7980665406,DevOps Engineer,Infrastructure,13.8,2026-05-06 00:00:00
37,Mohit Nair,mohit.nair@gmail.com,8458743124,QA Engineer,Quality Assurance,2.0,2026-05-07 00:00:00
38,Saurabh Mishra,saurabh.mishra@gmail.com,7864591142,UX Designer,Design,3.4,2026-05-08 00:00:00
39,Farhan Bansal,farhan.bansal@gmail.com,9032114921,Machine Learning Engineer,AI Research,4.8,2026-05-09 00:00:00
40,Ritu Shah,ritu.shah@gmail.com,9107505733,Android Developer,Mobile,5.0,2026-05-10 00:00:00
41,Archana Bhatt,archana.bhatt@gmail.com,9001462055,Full Stack Developer,Engineering,6.4,2026-05-11 00:00:00
42,Vivek Kumar,vivek.kumar@gmail.com,7965810389,Backend Developer,Engineering,7.8,2026-05-12 00:00:00
43,Monika Menon,monika.menon@gmail.com,8663210013,Frontend Developer,Engineering,8.0,2026-05-13 00:00:00
44,Neeraj Sen,neeraj.sen@gmail.com,9573232964,Data Analyst,Analytics,9.4,2026-05-14 00:00:00
45,Pooja Ghosh,pooja.ghosh@gmail.com,8194367771,Product Manager,Product,10.8,2026-05-15 00:00:00
46,Nilesh Pillai,nilesh.pillai@gmail.com,7696792046,DevOps Engineer,Infrastructure,11.0,2026-05-16 00:00:00
47,Chirag Khan,chirag.khan@gmail.com,7361760938,QA Engineer,Quality Assurance,12.4,2026-05-17 00:00:00
48,Bhavna Rajan,bhavna.rajan@gmail.com,7586119448,UX Designer,Design,13.8,2026-05-18 00:00:00
49,Aryan Verma,aryan.verma@gmail.com,8792783054,Machine Learning Engineer,AI Research,2.0,2026-05-19 00:00:00
50,Piyush Kumar,piyush.kumar@gmail.com,7576592375,Android Developer,Mobile,3.4,2026-05-20 00:00:00
51,Garima Mukherjee,garima.mukherjee@gmail.com,9177267164,Full Stack Developer,Engineering,2.0,2026-01-04 00:00:00
52,Vinay Jain,vinay.jain@gmail.com,9874996168,Backend Developer,Engineering,3.4,2026-01-05 00:00:00
53,Farhan Desai,farhan.desai@gmail.com,8204861838,Frontend Developer,Engineering,4.8,2026-01-06 00:00:00
54,Tushar Ghosh,tushar.ghosh@gmail.com,7251767584,Data Analyst,Analytics,5.0,2026-01-07 00:00:00
55,Rajan Desai,rajan.desai@gmail.com,8146056989,Product Manager,Product,6.4,2026-01-08 00:00:00
56,Uday Kapoor,uday.kapoor@gmail.com,7700971204,DevOps Engineer,Infrastructure,7.8,2026-01-09 00:00:00
57,Nikhil Sen,nikhil.sen@gmail.com,9131423573,QA Engineer,Quality Assurance,8.0,2026-01-10 00:00:00
58,Harsh Verma,harsh.verma@gmail.com,8538541421,UX Designer,Design,9.4,2026-01-11 00:00:00
59,Minal Rao,minal.rao@gmail.com,8979293969,Machine Learning Engineer,AI Research,10.8,2026-01-12 00:00:00
60,Piyush Malhotra,piyush.malhotra@gmail.com,7594226115,Android Developer,Mobile,11.0,2026-01-13 00:00:00
61,Swati Dubey,swati.dubey@gmail.com,9076406509,Full Stack Developer,Engineering,12.4,2026-01-14 00:00:00
62,Garima Malhotra,garima.malhotra@gmail.com,9414624836,Backend Developer,Engineering,13.8,2026-01-15 00:00:00
63,Rajesh Krishnan,rajesh.krishnan@gmail.com,8639631849,Frontend Developer,Engineering,2.0,2026-01-16 00:00:00
64,Roshni Kaur,roshni.kaur@gmail.com,9174812841,Data Analyst,Analytics,3.4,2026-01-17 00:00:00
65,Urvashi Singh,urvashi.singh@gmail.com,9063131418,Product Manager,Product,4.8,2026-01-18 00:00:00
66,Anusha Srivastava,anusha.srivastava@gmail.com,7866723196,DevOps Engineer,Infrastructure,5.0,2026-01-19 00:00:00
67,Dhruv Kumar,dhruv.kumar@gmail.com,8887386760,QA Engineer,Quality Assurance,6.4,2026-01-20 00:00:00
68,Tarun Tiwari,tarun.tiwari@gmail.com,7959164421,UX Designer,Design,7.8,2026-01-21 00:00:00
69,Minal Rao,minal.rao2@gmail.com,9989775048,Machine Learning Engineer,AI Research,8.0,2026-01-22 00:00:00
70,Yash Rajan,yash.rajan@gmail.com,8815766262,Android Developer,Mobile,9.4,2026-01-23 00:00:00
71,Siddharth Mehta,siddharth.mehta@gmail.com,9481459239,Full Stack Developer,Engineering,10.8,2026-01-24 00:00:00
72,Vinay Kapoor,vinay.kapoor@gmail.com,7209111777,Backend Developer,Engineering,11.0,2026-01-25 00:00:00
73,Pranav Shukla,pranav.shukla@gmail.com,8189801867,Frontend Developer,Engineering,12.4,2026-01-26 00:00:00
74,Bhavesh Sharma,bhavesh.sharma@gmail.com,9392636560,Data Analyst,Analytics,13.8,2026-01-27 00:00:00
75,Bhavna Srivastava,bhavna.srivastava@gmail.com,8987964141,Product Manager,Product,2.0,2026-01-28 00:00:00
76,Poonam Mishra,poonam.mishra@gmail.com,8332170374,DevOps Engineer,Infrastructure,3.4,2026-01-29 00:00:00
77,Ankita Bose,ankita.bose@gmail.com,7714649413,QA Engineer,Quality Assurance,4.8,2026-01-30 00:00:00
78,Pooja Khanna,pooja.khanna@gmail.com,8181913675,UX Designer,Design,5.0,2026-01-31 00:00:00
79,Ishan Shukla,ishan.shukla@gmail.com,7036525963,Machine Learning Engineer,AI Research,6.4,2026-02-01 00:00:00
80,Akanksha Bansal,akanksha.bansal@gmail.com,7858629525,Android Developer,Mobile,7.8,2026-02-02 00:00:00
81,Karan Rao,karan.rao@gmail.com,8252556826,Full Stack Developer,Engineering,8.0,2026-02-03 00:00:00
82,Ishan Yadav,ishan.yadav@gmail.com,8349602448,Backend Developer,Engineering,9.4,2026-02-04 00:00:00
83,Urvashi Verma,urvashi.verma@gmail.com,7407317690,Frontend Developer,Engineering,10.8,2026-02-05 00:00:00
84,Mansi Patil,mansi.patil@gmail.com,8923045723,Data Analyst,Analytics,11.0,2026-02-06 00:00:00
85,Aniket Reddy,aniket.reddy@gmail.com,9350275237,Product Manager,Product,12.4,2026-02-07 00:00:00
86,Sakshi Bhatt,sakshi.bhatt@gmail.com,9964999461,DevOps Engineer,Infrastructure,13.8,2026-02-08 00:00:00
87,Rajesh Yadav,rajesh.yadav@gmail.com,8905032182,QA Engineer,Quality Assurance,2.0,2026-02-09 00:00:00
88,Prashant Reddy,prashant.reddy@gmail.com,9789205676,UX Designer,Design,3.4,2026-02-10 00:00:00
89,Akash Bansal,akash.bansal@gmail.com,9710393638,Machine Learning Engineer,AI Research,4.8,2026-02-11 00:00:00
90,Ekta Tiwari,ekta.tiwari@gmail.com,9370734365,Android Developer,Mobile,5.0,2026-02-12 00:00:00
91,Shubham Mukherjee,shubham.mukherjee@gmail.com,7366458704,Full Stack Developer,Engineering,6.4,2026-02-13 00:00:00
92,Charu Srivastava,charu.srivastava@gmail.com,7901130629,Backend Developer,Engineering,7.8,2026-02-14 00:00:00
93,Roshni Chawla,roshni.chawla@gmail.com,7717797779,Frontend Developer,Engineering,8.0,2026-02-15 00:00:00
94,Hemant Saxena,hemant.saxena@gmail.com,9735276411,Data Analyst,Analytics,9.4,2026-02-16 00:00:00
95,Trisha Desai,trisha.desai@gmail.com,9340880971,Product Manager,Product,10.8,2026-02-17 00:00:00
96,Preeti Bansal,preeti.bansal@gmail.com,9842051713,DevOps Engineer,Infrastructure,11.0,2026-02-18 00:00:00
97,Vikas Pandey,vikas.pandey@gmail.com,9303131404,QA Engineer,Quality Assurance,12.4,2026-02-19 00:00:00
98,Gaurav Ghosh,gaurav.ghosh@gmail.com,8904421602,UX Designer,Design,13.8,2026-02-20 00:00:00
99,Meghna Nair,meghna.nair@gmail.com,8317218527,Machine Learning Engineer,AI Research,2.0,2026-02-21 00:00:00
100,Parth Verma,parth.verma@gmail.com,8454654584,Android Developer,Mobile,3.4,2026-02-22 00:00:00
101,Nisha Mukherjee,nisha.mukherjee@gmail.com,9259378981,QA Engineer,Quality Assurance,1.7,2024-10-23 00:00:00
102,Harshit Pandey,harshit.pandey@gmail.com,8433049968,Backend Developer,Engineering,10.0,2024-12-30 00:00:00
103,Ashwin Das,ashwin.das@gmail.com,7546712339,Business Analyst,Business,0.5,2024-04-24 00:00:00
104,Rohit Srivastava,rohit.srivastava@gmail.com,8878468544,Full Stack Developer,Engineering,4.8,2024-10-11 00:00:00
105,Kavita Gupta,kavita.gupta@gmail.com,9542229229,QA Engineer,Quality Assurance,6.5,2024-05-13 00:00:00
106,Roshni Joshi,roshni.joshi@gmail.com,8557810533,Software Engineer,Engineering,9.4,2024-06-28 00:00:00
107,Neeraj Patel,neeraj.patel@gmail.com,8959805598,Frontend Developer,Engineering,9.9,2024-08-26 00:00:00
108,Rohit Pandey,rohit.pandey@gmail.com,7425442899,Software Engineer,Engineering,1.4,2024-08-18 00:00:00
109,Garima Deshpande,garima.deshpande@gmail.com,9278507963,Automation Test Engineer,Quality Assurance,3.7,2025-03-03 00:00:00
110,Vinay Yadav,vinay.yadav@gmail.com,8673095181,SRE Engineer,Infrastructure,7.5,2025-02-11 00:00:00
111,Suraj Agarwal,suraj.agarwal@gmail.com,9987084402,Data Analyst,Data & Analytics,11.7,2025-01-27 00:00:00
112,Aparna Ghosh,aparna.ghosh@gmail.com,7379344842,Software Engineer,Engineering,11.8,2024-12-31 00:00:00
113,Praveen Malhotra,praveen.malhotra@gmail.com,8441021745,Frontend Developer,Engineering,7.2,2024-01-10 00:00:00
114,Sachin Patel,sachin.patel@gmail.com,7833155594,Cybersecurity Analyst,Security,9.6,2024-10-20 00:00:00
115,Harsh Agarwal,harsh.agarwal@gmail.com,7341253299,Database Administrator,Infrastructure,2.8,2024-07-19 00:00:00
116,Poonam Singh,poonam.singh@gmail.com,7628577158,Senior Software Engineer,Engineering,5.7,2024-08-17 00:00:00
117,Mansi Khan,mansi.khan@gmail.com,8897201729,Frontend Developer,Engineering,5.9,2024-07-05 00:00:00
118,Vishal Saxena,vishal.saxena@gmail.com,9966205234,Full Stack Developer,Engineering,2.2,2024-12-03 00:00:00
119,Arjun Pandey,arjun.pandey@gmail.com,7742756226,Cybersecurity Analyst,Security,4.0,2024-04-13 00:00:00
120,Ekta Singh,ekta.singh@gmail.com,9557621554,Data Analyst,Data & Analytics,6.4,2024-01-05 00:00:00
121,Anjali Bose,anjali.bose@gmail.com,8586942866,iOS Developer,Engineering,3.6,2024-12-28 00:00:00
122,Jay Dubey,jay.dubey@gmail.com,8397980748,Data Analyst,Data & Analytics,6.2,2024-04-02 00:00:00
123,Ayush Prasad,ayush.prasad@gmail.com,7658116056,DevOps Engineer,Infrastructure,10.0,2025-03-05 00:00:00
124,Sneha Bansal,sneha.bansal@gmail.com,7822988463,Senior Software Engineer,Engineering,1.1,2024-06-11 00:00:00
125,Nidhi Patil,nidhi.patil@gmail.com,8373545033,Data Analyst,Data & Analytics,8.0,2024-02-14 00:00:00
126,Praveen Menon,praveen.menon@gmail.com,8369018519,Cloud Engineer,Infrastructure,7.4,2024-01-29 00:00:00
127,Pallavi Sen,pallavi.sen@gmail.com,9805634934,SRE Engineer,Infrastructure,11.4,2024-01-11 00:00:00
128,Rahul Srivastava,rahul.srivastava@gmail.com,8394282492,QA Engineer,Quality Assurance,11.1,2024-03-16 00:00:00
129,Kavita Shah,kavita.shah@gmail.com,7899134158,Full Stack Developer,Engineering,6.7,2024-08-23 00:00:00
130,Tanya Kumar,tanya.kumar@gmail.com,9457539965,Automation Test Engineer,Quality Assurance,2.9,2025-03-10 00:00:00
131,Jay Rao,jay.rao@gmail.com,7327425658,Cybersecurity Analyst,Security,6.8,2024-06-16 00:00:00
132,Pallavi Nair,pallavi.nair@gmail.com,8512944111,Full Stack Developer,Engineering,1.3,2024-01-04 00:00:00
133,Rakesh Srivastava,rakesh.srivastava@gmail.com,9746009011,Frontend Developer,Engineering,3.4,2024-03-12 00:00:00
134,Piyush Sharma,piyush.sharma@gmail.com,7864684787,Cybersecurity Analyst,Security,0.5,2024-11-12 00:00:00
135,Poonam Shah,poonam.shah@gmail.com,9652721699,QA Engineer,Quality Assurance,11.8,2025-02-22 00:00:00
136,Tanya Khanna,tanya.khanna@gmail.com,8089064218,Senior Software Engineer,Engineering,0.9,2024-01-21 00:00:00
137,Ankit Shah,ankit.shah@gmail.com,9655624092,QA Engineer,Quality Assurance,10.2,2024-05-30 00:00:00
138,Rahul Reddy,rahul.reddy@gmail.com,8663354290,QA Engineer,Quality Assurance,11.4,2024-03-26 00:00:00
139,Soham Rajan,soham.rajan@gmail.com,9427146726,Business Analyst,Business,9.7,2024-02-11 00:00:00
140,Soham Khan,soham.khan@gmail.com,7092872123,SRE Engineer,Infrastructure,1.0,2024-02-04 00:00:00
141,Mihir Iyer,mihir.iyer@gmail.com,9944140707,SRE Engineer,Infrastructure,0.6,2024-04-22 00:00:00
142,Anjali Patil,anjali.patil@gmail.com,7217850376,Frontend Developer,Engineering,0.6,2024-01-08 00:00:00
143,Amit Garg,amit.garg@gmail.com,9871115235,Cybersecurity Analyst,Security,9.1,2024-04-20 00:00:00
144,Sonal Dubey,sonal.dubey@gmail.com,9550165203,Data Analyst,Data & Analytics,6.8,2024-06-05 00:00:00
145,Aparna Saxena,aparna.saxena@gmail.com,7262515712,Senior Software Engineer,Engineering,5.8,2024-05-11 00:00:00
146,Lokesh Nair,lokesh.nair@gmail.com,7040595898,Data Scientist,Data & Analytics,10.3,2024-10-31 00:00:00
147,Mayank Iyer,mayank.iyer@gmail.com,7532273684,Database Administrator,Infrastructure,8.4,2024-10-22 00:00:00
148,Pragya Sharma,pragya.sharma@gmail.com,7383501892,Senior Software Engineer,Engineering,8.0,2024-09-26 00:00:00
149,Komal Gupta,komal.gupta@gmail.com,9833426742,ML Engineer,Data & Analytics,5.8,2024-07-14 00:00:00
150,Shubham Srivastava,shubham.srivastava@gmail.com,8354114713,Data Analyst,Data & Analytics,5.0,2024-07-07 00:00:00
151,Amit Khanna,amit.khanna@gmail.com,7911269962,UI/UX Designer,Design,4.2,2024-10-19 00:00:00
152,Kunal Garg,kunal.garg@gmail.com,8744698094,Data Analyst,Data & Analytics,3.0,2025-03-29 00:00:00
153,Sonal Verma,sonal.verma@gmail.com,8742024685,Product Manager,Product,1.8,2025-03-14 00:00:00
154,Neha Kaur,neha.kaur@gmail.com,7963540411,DevOps Engineer,Infrastructure,5.2,2024-12-07 00:00:00
155,Pallavi Desai,pallavi.desai@gmail.com,9167823463,Cybersecurity Analyst,Security,10.8,2024-03-30 00:00:00
156,Karan Kapoor,karan.kapoor@gmail.com,8407009528,Full Stack Developer,Engineering,2.9,2024-12-08 00:00:00
157,Jay Shukla,jay.shukla@gmail.com,7213731785,Frontend Developer,Engineering,8.1,2024-09-04 00:00:00
158,Anusha Nair,anusha.nair@gmail.com,8191492260,ML Engineer,Data & Analytics,8.0,2024-10-17 00:00:00
159,Poonam Verma,poonam.verma@gmail.com,8039413031,Database Administrator,Infrastructure,1.1,2025-01-25 00:00:00
160,Kajal Mishra,kajal.mishra@gmail.com,8426452906,Database Administrator,Infrastructure,1.3,2024-03-08 00:00:00
161,Sonal Bose,sonal.bose@gmail.com,8779164215,Backend Developer,Engineering,6.2,2025-01-09 00:00:00
162,Ansh Chawla,ansh.chawla@gmail.com,9232555353,Product Manager,Product,9.0,2024-03-16 00:00:00
163,Vishal Mukherjee,vishal.mukherjee@gmail.com,9488987089,Software Engineer,Engineering,3.9,2024-04-02 00:00:00
164,Alok Pillai,alok.pillai@gmail.com,8397750891,SRE Engineer,Infrastructure,9.6,2024-02-02 00:00:00
165,Aryan Mehta,aryan.mehta@gmail.com,7673066244,Cybersecurity Analyst,Security,1.4,2024-04-17 00:00:00
166,Vikram Shukla,vikram.shukla@gmail.com,7341346728,Database Administrator,Infrastructure,5.2,2024-08-18 00:00:00
167,Suraj Agarwal,suraj.agarwal2@gmail.com,8925056149,Android Developer,Engineering,1.5,2025-03-08 00:00:00
168,Nisha Yadav,nisha.yadav@gmail.com,7279032934,Business Analyst,Business,9.0,2024-02-01 00:00:00
169,Ekta Patil,ekta.patil@gmail.com,9939327725,Database Administrator,Infrastructure,1.4,2025-03-20 00:00:00
170,Trisha Singh,trisha.singh@gmail.com,7448259151,Software Engineer,Engineering,11.2,2024-11-14 00:00:00
171,Rajesh Chauhan,rajesh.chauhan@gmail.com,9643775033,Data Analyst,Data & Analytics,5.4,2024-06-16 00:00:00
172,Vinay Varma,vinay.varma@gmail.com,9560620556,ML Engineer,Data & Analytics,3.0,2025-01-01 00:00:00
173,Sachin Bansal,sachin.bansal@gmail.com,8718496001,Frontend Developer,Engineering,11.0,2024-01-19 00:00:00
174,Anand Rao,anand.rao@gmail.com,9313671455,DevOps Engineer,Infrastructure,4.5,2024-06-30 00:00:00
175,Farhan Verma,farhan.verma@gmail.com,7253316339,Business Analyst,Business,2.7,2024-10-14 00:00:00
176,Swati Gupta,swati.gupta@gmail.com,7363256335,Android Developer,Engineering,1.5,2024-05-19 00:00:00
177,Sakshi Sen,sakshi.sen@gmail.com,7731662715,Data Scientist,Data & Analytics,11.6,2024-08-18 00:00:00
178,Simran Khanna,simran.khanna@gmail.com,8572420586,Frontend Developer,Engineering,3.7,2024-02-14 00:00:00
179,Neha Garg,neha.garg@gmail.com,8705249065,Backend Developer,Engineering,7.9,2024-01-05 00:00:00
180,Suraj Pandey,suraj.pandey@gmail.com,7899506079,Android Developer,Engineering,11.0,2024-06-13 00:00:00
181,Swati Krishnan,swati.krishnan@gmail.com,8585965182,DevOps Engineer,Infrastructure,7.0,2024-09-20 00:00:00
182,Sapna Sinha,sapna.sinha@gmail.com,8785026162,Product Manager,Product,10.8,2024-05-05 00:00:00
183,Akash Shah,akash.shah@gmail.com,7925445600,ML Engineer,Data & Analytics,11.6,2024-08-16 00:00:00
184,Vikram Varma,vikram.varma@gmail.com,7323615830,Product Manager,Product,5.8,2024-07-16 00:00:00
185,Aditi Sinha,aditi.sinha@gmail.com,9013048430,Data Scientist,Data & Analytics,9.0,2024-07-04 00:00:00
186,Meghna Verma,meghna.verma@gmail.com,9111058822,Software Engineer,Engineering,8.3,2024-02-27 00:00:00
187,Archana Joshi,archana.joshi@gmail.com,7733742878,Full Stack Developer,Engineering,5.0,2024-08-21 00:00:00
188,Rajan Sinha,rajan.sinha@gmail.com,9836857615,Software Engineer,Engineering,10.2,2024-04-06 00:00:00
189,Tarun Rajan,tarun.rajan@gmail.com,9258590904,SRE Engineer,Infrastructure,2.2,2024-12-07 00:00:00
190,Siddharth Choudhary,siddharth.choudhary@gmail.com,8192382136,DevOps Engineer,Infrastructure,4.7,2024-05-13 00:00:00
191,Hemant Desai,hemant.desai@gmail.com,7880863322,Business Analyst,Business,3.5,2024-02-08 00:00:00
192,Aryan Sen,aryan.sen@gmail.com,7964326626,ML Engineer,Data & Analytics,5.0,2024-01-15 00:00:00
193,Soham Agarwal,soham.agarwal@gmail.com,9823411922,ML Engineer,Data & Analytics,6.5,2024-08-11 00:00:00
194,Aryan Saxena,aryan.saxena@gmail.com,7612721209,Cloud Engineer,Infrastructure,11.9,2024-01-05 00:00:00
195,Sumit Rao,sumit.rao@gmail.com,9075644906,Frontend Developer,Engineering,11.4,2025-01-11 00:00:00
196,Neeraj Ghosh,neeraj.ghosh@gmail.com,9983997115,Data Analyst,Data & Analytics,9.3,2024-09-11 00:00:00
197,Ishan Ghosh,ishan.ghosh@gmail.com,7979251863,Cloud Engineer,Infrastructure,9.4,2024-02-14 00:00:00
198,Vishal Khan,vishal.khan@gmail.com,8702156499,Data Analyst,Data & Analytics,9.8,2025-02-26 00:00:00
199,Gaurav Mukherjee,gaurav.mukherjee@gmail.com,8993333183,QA Engineer,Quality Assurance,5.5,2024-07-30 00:00:00
200,Omkar Gupta,omkar.gupta@gmail.com,7031376623,ML Engineer,Data & Analytics,1.1,2024-04-11 00:00:00
201,Nidhi Kapoor,nidhi.kapoor@gmail.com,9719133326,Automation Test Engineer,Quality Assurance,6.8,2025-01-13 00:00:00
202,Anjali Bhatt,anjali.bhatt@gmail.com,9070227596,iOS Developer,Engineering,5.4,2024-10-06 00:00:00
203,Meghna Iyer,meghna.iyer@gmail.com,8970567957,Frontend Developer,Engineering,8.8,2025-03-21 00:00:00
204,Siddharth Sen,siddharth.sen@gmail.com,9561391326,Product Manager,Product,5.8,2024-08-05 00:00:00
205,Sandhya Verma,sandhya.verma@gmail.com,8667886089,Business Analyst,Business,6.0,2024-03-03 00:00:00
206,Siddharth Pillai,siddharth.pillai@gmail.com,9690519790,Business Analyst,Business,5.8,2024-12-07 00:00:00
207,Dhruv Mehta,dhruv.mehta@gmail.com,7972082370,DevOps Engineer,Infrastructure,7.8,2024-09-13 00:00:00
208,Poonam Patil,poonam.patil@gmail.com,9826143595,Android Developer,Engineering,3.9,2024-06-12 00:00:00
209,Nikhil Joshi,nikhil.joshi@gmail.com,8272511482,DevOps Engineer,Infrastructure,9.7,2024-11-09 00:00:00
210,Ankita Jain,ankita.jain@gmail.com,8198299678,UI/UX Designer,Design,5.2,2024-07-19 00:00:00
211,Rashmi Sinha,rashmi.sinha@gmail.com,9923907299,Software Engineer,Engineering,9.1,2024-12-26 00:00:00
212,Nidhi Pandey,nidhi.pandey@gmail.com,7523860057,Senior Software Engineer,Engineering,10.8,2024-11-01 00:00:00
213,Akanksha Tripathi,akanksha.tripathi@gmail.com,7670102542,iOS Developer,Engineering,2.3,2024-03-05 00:00:00
214,Vishal Bhatt,vishal.bhatt@gmail.com,7974041868,Data Scientist,Data & Analytics,0.7,2024-07-30 00:00:00
215,Srishti Saxena,srishti.saxena@gmail.com,9775413787,QA Engineer,Quality Assurance,8.9,2024-10-25 00:00:00
216,Uday Joshi,uday.joshi@gmail.com,9726569017,Automation Test Engineer,Quality Assurance,8.1,2024-10-31 00:00:00
217,Arjun Varma,arjun.varma@gmail.com,8608892375,ML Engineer,Data & Analytics,4.5,2025-02-27 00:00:00
218,Sumit Ghosh,sumit.ghosh@gmail.com,8500908564,Full Stack Developer,Engineering,9.0,2025-02-26 00:00:00
219,Sumit Rajan,sumit.rajan@gmail.com,8607874585,Cloud Engineer,Infrastructure,10.8,2024-08-16 00:00:00
220,Aakanksha Chauhan,aakanksha.chauhan@gmail.com,8439042842,Full Stack Developer,Engineering,0.8,2024-01-25 00:00:00
221,Piyush Jain,piyush.jain@gmail.com,7082602630,Senior Software Engineer,Engineering,2.3,2024-12-20 00:00:00
222,Praveen Patil,praveen.patil@gmail.com,9169145986,Cybersecurity Analyst,Security,10.5,2024-07-14 00:00:00
223,Ayush Malhotra,ayush.malhotra@gmail.com,8094099419,UI/UX Designer,Design,5.9,2024-07-04 00:00:00
224,Vaibhav Shah,vaibhav.shah@gmail.com,7683709908,DevOps Engineer,Infrastructure,11.0,2024-06-18 00:00:00
225,Preeti Srivastava,preeti.srivastava@gmail.com,8703153520,UI/UX Designer,Design,6.8,2024-11-15 00:00:00
226,Rajesh Singh,rajesh.singh@gmail.com,9882069805,Cybersecurity Analyst,Security,8.3,2025-01-18 00:00:00
227,Vishal Shah,vishal.shah@gmail.com,9625865037,Cybersecurity Analyst,Security,5.4,2024-10-18 00:00:00
228,Aakanksha Srivastava,aakanksha.srivastava@gmail.com,8256388328,Data Analyst,Data & Analytics,11.7,2024-06-25 00:00:00
229,Aparna Chauhan,aparna.chauhan@gmail.com,9105219114,Cybersecurity Analyst,Security,6.3,2024-03-29 00:00:00
230,Harshita Yadav,harshita.yadav@gmail.com,7554446279,DevOps Engineer,Infrastructure,10.7,2024-08-13 00:00:00
231,Farhan Krishnan,farhan.krishnan@gmail.com,8606570154,Automation Test Engineer,Quality Assurance,5.7,2024-09-15 00:00:00
232,Priya Prasad,priya.prasad@gmail.com,7531814647,SRE Engineer,Infrastructure,6.4,2024-12-28 00:00:00
233,Charu Mukherjee,charu.mukherjee@gmail.com,9242774643,Product Manager,Product,5.6,2024-03-04 00:00:00
234,Praveen Sen,praveen.sen@gmail.com,8804106009,Business Analyst,Business,6.4,2025-03-04 00:00:00
235,Ekta Tiwari,ekta.tiwari2@gmail.com,9453340700,Database Administrator,Infrastructure,7.1,2024-02-04 00:00:00
236,Pallavi Choudhary,pallavi.choudhary@gmail.com,7066585168,Senior Software Engineer,Engineering,8.6,2024-07-05 00:00:00
237,Pratik Agarwal,pratik.agarwal@gmail.com,7269393166,Backend Developer,Engineering,11.2,2024-09-29 00:00:00
238,Vishal Khanna,vishal.khanna@gmail.com,8111666260,ML Engineer,Data & Analytics,2.3,2025-01-13 00:00:00
239,Sahil Garg,sahil.garg@gmail.com,7219460612,ML Engineer,Data & Analytics,11.3,2024-09-03 00:00:00
240,Namrata Dubey,namrata.dubey@gmail.com,8910193596,Android Developer,Engineering,5.1,2024-07-29 00:00:00
241,Khushi Jain,khushi.jain@gmail.com,8934168656,DevOps Engineer,Infrastructure,3.8,2024-12-19 00:00:00
242,Ishan Khan,ishan.khan@gmail.com,9193812281,QA Engineer,Quality Assurance,0.7,2024-07-12 00:00:00
243,Vikram Sharma,vikram.sharma@gmail.com,7501884328,SRE Engineer,Infrastructure,3.7,2025-03-04 00:00:00
244,Swati Kumar,swati.kumar@gmail.com,9640053443,Data Analyst,Data & Analytics,9.5,2024-01-07 00:00:00
245,Sachin Sharma,sachin.sharma@gmail.com,8478828546,Cybersecurity Analyst,Security,4.3,2024-06-10 00:00:00
246,Soham Mishra,soham.mishra@gmail.com,8041588060,QA Engineer,Quality Assurance,10.7,2024-07-28 00:00:00
247,Pragya Ghosh,pragya.ghosh@gmail.com,9197627575,Backend Developer,Engineering,2.2,2025-01-14 00:00:00
248,Aryan Sen,aryan.sen2@gmail.com,8956348164,Product Manager,Product,10.8,2024-02-29 00:00:00
249,Suraj Sinha,suraj.sinha@gmail.com,9545538643,Data Analyst,Data & Analytics,7.8,2024-07-01 00:00:00
250,Mohit Sharma,mohit.sharma@gmail.com,7882599171,Product Manager,Product,2.9,2024-09-08 00:00:00
251,Poonam Bose,poonam.bose@gmail.com,8199823686,Database Administrator,Infrastructure,5.9,2024-04-12 00:00:00
252,Vikas Krishnan,vikas.krishnan@gmail.com,8493312111,Android Developer,Engineering,9.8,2024-11-02 00:00:00
253,Jyoti Gupta,jyoti.gupta@gmail.com,7679551709,Database Administrator,Infrastructure,7.9,2024-08-08 00:00:00
254,Rohit Malhotra,rohit.malhotra@gmail.com,9353243246,Backend Developer,Engineering,4.7,2024-11-19 00:00:00
255,Karan Agarwal,karan.agarwal@gmail.com,8869780245,QA Engineer,Quality Assurance,8.3,2024-06-05 00:00:00
256,Sonal Saxena,sonal.saxena@gmail.com,9549390310,Data Analyst,Data & Analytics,9.2,2024-07-26 00:00:00
257,Monika Das,monika.das@gmail.com,9874175236,Data Analyst,Data & Analytics,9.9,2025-01-11 00:00:00
258,Anusha Bansal,anusha.bansal@gmail.com,8546980098,Senior Software Engineer,Engineering,9.3,2024-01-25 00:00:00
259,Shubham Chawla,shubham.chawla@gmail.com,7381023600,Frontend Developer,Engineering,1.0,2024-06-21 00:00:00
260,Preeti Srivastava,preeti.srivastava2@gmail.com,8595088309,ML Engineer,Data & Analytics,11.9,2024-11-02 00:00:00
261,Urvashi Joshi,urvashi.joshi@gmail.com,7209345175,Automation Test Engineer,Quality Assurance,9.9,2024-01-13 00:00:00
262,Vandana Desai,vandana.desai@gmail.com,8215500409,QA Engineer,Quality Assurance,10.6,2024-02-14 00:00:00
263,Swati Shukla,swati.shukla@gmail.com,9177006452,Cybersecurity Analyst,Security,2.3,2025-02-24 00:00:00
264,Shilpa Choudhary,shilpa.choudhary@gmail.com,9550183867,SRE Engineer,Infrastructure,11.8,2025-01-29 00:00:00
265,Anjali Shukla,anjali.shukla@gmail.com,8272690091,Full Stack Developer,Engineering,7.8,2024-03-15 00:00:00
266,Bhavesh Mishra,bhavesh.mishra@gmail.com,7848816052,Data Scientist,Data & Analytics,8.4,2024-08-19 00:00:00
267,Monika Patil,monika.patil@gmail.com,9291855060,Frontend Developer,Engineering,8.8,2024-01-26 00:00:00
268,Simran Singh,simran.singh@gmail.com,9629958922,iOS Developer,Engineering,9.1,2024-01-16 00:00:00
269,Simran Yadav,simran.yadav@gmail.com,9532584605,Cloud Engineer,Infrastructure,11.4,2024-03-19 00:00:00
270,Jyoti Mishra,jyoti.mishra@gmail.com,7920597786,UI/UX Designer,Design,7.0,2024-05-23 00:00:00
271,Nisha Nair,nisha.nair@gmail.com,9333435018,UI/UX Designer,Design,0.8,2024-12-26 00:00:00
272,Suraj Varma,suraj.varma@gmail.com,8106301323,Software Engineer,Engineering,4.9,2024-06-03 00:00:00
273,Swati Sinha,swati.sinha@gmail.com,9449757628,Android Developer,Engineering,1.9,2024-08-15 00:00:00
274,Charu Chawla,charu.chawla@gmail.com,8297759263,Backend Developer,Engineering,10.2,2025-03-23 00:00:00
275,Uday Khanna,uday.khanna@gmail.com,7957530030,Cloud Engineer,Infrastructure,3.7,2024-08-16 00:00:00
276,Vikram Verma,vikram.verma@gmail.com,8409944635,SRE Engineer,Infrastructure,4.2,2024-08-08 00:00:00
277,Sachin Choudhary,sachin.choudhary@gmail.com,9115529439,Database Administrator,Infrastructure,2.4,2025-01-08 00:00:00
278,Vikram Kumar,vikram.kumar@gmail.com,9170218815,UI/UX Designer,Design,5.5,2024-12-24 00:00:00
279,Swati Chawla,swati.chawla@gmail.com,7673733791,Software Engineer,Engineering,5.8,2024-09-08 00:00:00
280,Anjali Varma,anjali.varma@gmail.com,9740958749,Senior Software Engineer,Engineering,2.2,2024-02-05 00:00:00
281,Aniket Garg,aniket.garg@gmail.com,7834292851,iOS Developer,Engineering,10.0,2024-01-21 00:00:00
282,Nidhi Rao,nidhi.rao@gmail.com,7945911578,Automation Test Engineer,Quality Assurance,6.9,2024-04-05 00:00:00
283,Tarun Garg,tarun.garg@gmail.com,7802786228,Cybersecurity Analyst,Security,11.5,2025-03-19 00:00:00
284,Karan Krishnan,karan.krishnan@gmail.com,8610926035,Data Analyst,Data & Analytics,3.9,2024-09-04 00:00:00
285,Meghna Tripathi,meghna.tripathi@gmail.com,9715074077,Backend Developer,Engineering,2.5,2024-03-29 00:00:00
286,Tanya Mukherjee,tanya.mukherjee@gmail.com,7438680411,Product Manager,Product,11.9,2024-11-14 00:00:00
287,Pooja Nair,pooja.nair@gmail.com,7837057508,Data Analyst,Data & Analytics,1.5,2024-08-26 00:00:00
288,Tushar Gupta,tushar.gupta@gmail.com,8699667976,ML Engineer,Data & Analytics,4.6,2024-06-14 00:00:00
289,Simran Patel,simran.patel@gmail.com,9573657085,Backend Developer,Engineering,9.5,2025-01-21 00:00:00
290,Aarav Shah,aarav.shah@gmail.com,8287183097,Data Analyst,Data & Analytics,7.9,2025-02-21 00:00:00
291,Sonal Iyer,sonal.iyer@gmail.com,9679059976,UI/UX Designer,Design,1.9,2024-02-18 00:00:00
292,Sonali Krishnan,sonali.krishnan@gmail.com,7788075125,Senior Software Engineer,Engineering,5.1,2024-09-21 00:00:00
293,Megha Sen,megha.sen@gmail.com,8466338043,Database Administrator,Infrastructure,6.0,2025-01-05 00:00:00
294,Vinay Sinha,vinay.sinha@gmail.com,9860028448,DevOps Engineer,Infrastructure,2.0,2024-11-20 00:00:00
295,Soham Mehta,soham.mehta@gmail.com,8367153809,SRE Engineer,Infrastructure,3.6,2024-09-09 00:00:00
296,Aarav Chawla,aarav.chawla@gmail.com,7564824085,Product Manager,Product,10.4,2024-10-20 00:00:00
297,Deepika Chauhan,deepika.chauhan@gmail.com,8914391033,Senior Software Engineer,Engineering,5.8,2024-04-23 00:00:00
298,Alok Agarwal,alok.agarwal@gmail.com,9140439164,UI/UX Designer,Design,10.9,2024-01-23 00:00:00
299,Lokesh Yadav,lokesh.yadav@gmail.com,8158978814,Product Manager,Product,11.4,2024-06-18 00:00:00
300,Ansh Bose,ansh.bose@gmail.com,9710873378,Software Engineer,Engineering,6.8,2024-12-21 00:00:00
301,Chirag Yadav,chirag.yadav@gmail.com,9102368488,Software Engineer,Engineering,5.7,2024-07-08 00:00:00
302,Ankita Rao,ankita.rao@gmail.com,7548455868,DevOps Engineer,Infrastructure,11.7,2024-12-27 00:00:00
303,Sonali Rao,sonali.rao@gmail.com,7762550885,Database Administrator,Infrastructure,5.7,2025-03-21 00:00:00
304,Dinesh Jain,dinesh.jain@gmail.com,9352127513,Product Manager,Product,11.6,2024-01-07 00:00:00
305,Roshni Joshi,roshni.joshi2@gmail.com,8786546621,Database Administrator,Infrastructure,2.6,2024-03-31 00:00:00
306,Amita Pillai,amita.pillai@gmail.com,7960633967,Database Administrator,Infrastructure,4.2,2024-09-12 00:00:00
307,Ayush Yadav,ayush.yadav@gmail.com,9321554807,Business Analyst,Business,8.8,2024-02-29 00:00:00
308,Nisha Malhotra,nisha.malhotra@gmail.com,9978001036,Product Manager,Product,1.7,2024-12-24 00:00:00
309,Kavita Mehta,kavita.mehta@gmail.com,9553471446,Cybersecurity Analyst,Security,3.0,2024-01-02 00:00:00
310,Gaurav Das,gaurav.das@gmail.com,8535593642,Frontend Developer,Engineering,4.4,2025-03-03 00:00:00
311,Vandana Rajan,vandana.rajan@gmail.com,8037612920,Data Analyst,Data & Analytics,12.0,2024-09-02 00:00:00
312,Deepika Malhotra,deepika.malhotra@gmail.com,7632430976,QA Engineer,Quality Assurance,9.9,2024-10-22 00:00:00
313,Mihir Varma,mihir.varma@gmail.com,8869286244,Cloud Engineer,Infrastructure,2.7,2024-08-10 00:00:00
314,Shilpa Agarwal,shilpa.agarwal@gmail.com,9578443434,Data Scientist,Data & Analytics,9.5,2024-07-02 00:00:00
315,Aparna Rajan,aparna.rajan@gmail.com,8770087178,UI/UX Designer,Design,8.4,2024-10-17 00:00:00
316,Shruti Choudhary,shruti.choudhary@gmail.com,9279457267,ML Engineer,Data & Analytics,4.3,2025-01-20 00:00:00
317,Omkar Deshpande,omkar.deshpande@gmail.com,7446439170,Frontend Developer,Engineering,9.9,2024-12-29 00:00:00
318,Chirag Shukla,chirag.shukla@gmail.com,9568825389,Data Scientist,Data & Analytics,6.0,2024-08-24 00:00:00
319,Rahul Kaur,rahul.kaur@gmail.com,8080603365,DevOps Engineer,Infrastructure,4.9,2024-03-12 00:00:00
320,Lakshmi Agarwal,lakshmi.agarwal@gmail.com,9162292480,SRE Engineer,Infrastructure,5.5,2024-10-31 00:00:00
321,Sonal Sen,sonal.sen@gmail.com,7576934828,ML Engineer,Data & Analytics,0.7,2024-04-22 00:00:00
322,Khushi Sinha,khushi.sinha@gmail.com,9280450703,Data Analyst,Data & Analytics,5.5,2024-04-18 00:00:00
323,Shruti Bansal,shruti.bansal@gmail.com,9736015640,Cybersecurity Analyst,Security,1.3,2024-04-06 00:00:00
324,Mohit Khanna,mohit.khanna@gmail.com,7023451846,Senior Software Engineer,Engineering,4.1,2024-09-01 00:00:00
325,Sachin Khanna,sachin.khanna@gmail.com,7471186852,Cloud Engineer,Infrastructure,1.8,2024-07-06 00:00:00
326,Khushi Das,khushi.das@gmail.com,7293939391,DevOps Engineer,Infrastructure,3.3,2025-02-11 00:00:00
327,Garima Bose,garima.bose@gmail.com,7858979750,Database Administrator,Infrastructure,4.9,2024-01-22 00:00:00
328,Nilesh Garg,nilesh.garg@gmail.com,9205838561,Data Analyst,Data & Analytics,2.6,2024-04-25 00:00:00
329,Jay Bose,jay.bose@gmail.com,8301408527,DevOps Engineer,Infrastructure,5.2,2024-07-25 00:00:00
330,Siddharth Patil,siddharth.patil@gmail.com,9074810490,Data Scientist,Data & Analytics,6.6,2024-07-31 00:00:00
331,Mohit Garg,mohit.garg@gmail.com,7995649353,Android Developer,Engineering,9.4,2024-07-17 00:00:00
332,Aryan Sinha,aryan.sinha@gmail.com,8407485090,Automation Test Engineer,Quality Assurance,7.2,2024-02-28 00:00:00
333,Priya Joshi,priya.joshi@gmail.com,9459360426,Cybersecurity Analyst,Security,6.6,2024-10-27 00:00:00
334,Harshita Sinha,harshita.sinha@gmail.com,9076166168,Frontend Developer,Engineering,2.1,2024-02-21 00:00:00
335,Ashish Bhatt,ashish.bhatt@gmail.com,9283178770,QA Engineer,Quality Assurance,11.0,2024-05-07 00:00:00
336,Rajan Choudhary,rajan.choudhary@gmail.com,9069328039,Software Engineer,Engineering,2.7,2024-01-07 00:00:00
337,Lokesh Menon,lokesh.menon@gmail.com,8479313217,Automation Test Engineer,Quality Assurance,11.9,2024-12-22 00:00:00
338,Rakesh Verma,rakesh.verma@gmail.com,7835650800,ML Engineer,Data & Analytics,10.9,2025-03-04 00:00:00
339,Tushar Ghosh,tushar.ghosh2@gmail.com,9817026757,Cloud Engineer,Infrastructure,7.7,2024-01-28 00:00:00
340,Aarav Iyer,aarav.iyer@gmail.com,7433730020,QA Engineer,Quality Assurance,5.8,2024-07-29 00:00:00
341,Vandana Srivastava,vandana.srivastava@gmail.com,8728102719,Automation Test Engineer,Quality Assurance,10.2,2024-10-08 00:00:00
342,Chirag Kaur,chirag.kaur@gmail.com,7966342677,QA Engineer,Quality Assurance,4.2,2024-03-06 00:00:00
343,Rohit Nair,rohit.nair@gmail.com,7048239462,Product Manager,Product,2.7,2024-08-26 00:00:00
344,Vivek Shah,vivek.shah@gmail.com,9447732891,Automation Test Engineer,Quality Assurance,3.6,2025-03-02 00:00:00
345,Mayank Das,mayank.das@gmail.com,7070062926,Backend Developer,Engineering,2.1,2024-07-10 00:00:00
346,Kajal Rao,kajal.rao@gmail.com,8235299325,Data Scientist,Data & Analytics,10.1,2024-10-27 00:00:00
347,Manish Gupta,manish.gupta@gmail.com,8572110460,ML Engineer,Data & Analytics,6.6,2024-10-19 00:00:00
348,Anand Prasad,anand.prasad@gmail.com,8135195405,Data Analyst,Data & Analytics,1.6,2025-01-29 00:00:00
349,Ishita Garg,ishita.garg@gmail.com,7220996753,Android Developer,Engineering,0.8,2024-07-20 00:00:00
350,Manish Mehta,manish.mehta@gmail.com,8671741816,Frontend Developer,Engineering,2.8,2024-07-06 00:00:00
351,Kritika Pandey,kritika.pandey@gmail.com,9231090828,Automation Test Engineer,Quality Assurance,3.2,2024-10-04 00:00:00
352,Rajesh Dubey,rajesh.dubey@gmail.com,9444597874,DevOps Engineer,Infrastructure,0.8,2024-12-30 00:00:00
353,Pallavi Shah,pallavi.shah@gmail.com,9244099623,Cloud Engineer,Infrastructure,6.4,2024-01-23 00:00:00
354,Uday Varma,uday.varma@gmail.com,8023674969,QA Engineer,Quality Assurance,2.1,2024-11-24 00:00:00
355,Lakshmi Nair,lakshmi.nair@gmail.com,7302178069,Software Engineer,Engineering,7.2,2024-05-03 00:00:00
356,Dhruv Garg,dhruv.garg@gmail.com,9279904561,Frontend Developer,Engineering,7.6,2024-07-18 00:00:00
357,Mansi Choudhary,mansi.choudhary@gmail.com,8758012458,SRE Engineer,Infrastructure,9.6,2024-07-02 00:00:00
358,Rajesh Jain,rajesh.jain@gmail.com,9961090950,DevOps Engineer,Infrastructure,3.3,2024-09-14 00:00:00
359,Harshita Srivastava,harshita.srivastava@gmail.com,7911713831,Backend Developer,Engineering,4.3,2025-03-10 00:00:00
360,Siddharth Kumar,siddharth.kumar@gmail.com,8685572844,Software Engineer,Engineering,5.0,2024-08-02 00:00:00
361,Tanvi Chawla,tanvi.chawla@gmail.com,9092040021,Senior Software Engineer,Engineering,1.8,2024-06-27 00:00:00
362,Komal Khanna,komal.khanna@gmail.com,8286090998,Cloud Engineer,Infrastructure,2.1,2024-10-16 00:00:00
363,Trisha Mehta,trisha.mehta@gmail.com,9193262044,iOS Developer,Engineering,8.8,2024-06-20 00:00:00
364,Praveen Gupta,praveen.gupta@gmail.com,8785832703,Frontend Developer,Engineering,5.4,2024-08-25 00:00:00
365,Sapna Reddy,sapna.reddy@gmail.com,7223617788,Cloud Engineer,Infrastructure,7.1,2025-02-19 00:00:00
366,Ashwin Prasad,ashwin.prasad2@gmail.com,7790135915,Business Analyst,Business,3.0,2025-01-01 00:00:00
367,Srishti Yadav,srishti.yadav@gmail.com,8349458078,Senior Software Engineer,Engineering,1.5,2024-05-09 00:00:00
368,Shruti Kapoor,shruti.kapoor@gmail.com,8889150296,Product Manager,Product,10.5,2024-07-21 00:00:00
369,Deepika Kapoor,deepika.kapoor@gmail.com,8776364240,Cybersecurity Analyst,Security,8.0,2024-10-07 00:00:00
370,Archana Mukherjee,archana.mukherjee@gmail.com,7305879392,Android Developer,Engineering,8.1,2025-03-21 00:00:00
371,Sonal Rajan,sonal.rajan@gmail.com,7032792165,Software Engineer,Engineering,6.1,2025-02-23 00:00:00
372,Ashish Tripathi,ashish.tripathi@gmail.com,9249258228,Full Stack Developer,Engineering,3.0,2024-09-23 00:00:00
373,Pooja Nair,pooja.nair2@gmail.com,9962567845,Business Analyst,Business,7.6,2024-09-25 00:00:00
374,Shubham Das,shubham.das@gmail.com,9791356474,Senior Software Engineer,Engineering,8.8,2024-04-21 00:00:00
375,Srishti Sen,srishti.sen@gmail.com,9825615408,Backend Developer,Engineering,2.1,2024-01-01 00:00:00
376,Mansi Sinha,mansi.sinha@gmail.com,7683237954,UI/UX Designer,Design,11.2,2024-06-23 00:00:00
377,Kajal Chauhan,kajal.chauhan@gmail.com,8516580221,Business Analyst,Business,10.6,2024-08-30 00:00:00
378,Poonam Nair,poonam.nair@gmail.com,9376958001,Data Analyst,Data & Analytics,8.7,2024-01-05 00:00:00
379,Vinay Ghosh,vinay.ghosh@gmail.com,9096070990,Backend Developer,Engineering,6.5,2024-09-19 00:00:00
380,Rajesh Patil,rajesh.patil@gmail.com,7969270710,UI/UX Designer,Design,9.5,2024-04-01 00:00:00
381,Tanvi Tiwari,tanvi.tiwari@gmail.com,8003062638,Product Manager,Product,3.7,2024-06-11 00:00:00
382,Vinay Chawla,vinay.chawla@gmail.com,7765817114,Database Administrator,Infrastructure,5.8,2024-05-22 00:00:00
383,Prashant Joshi,prashant.joshi@gmail.com,8732060316,Automation Test Engineer,Quality Assurance,5.8,2024-10-08 00:00:00
384,Harshita Pandey,harshita.pandey@gmail.com,9127599349,Cloud Engineer,Infrastructure,6.0,2024-08-12 00:00:00
385,Nisha Prasad,nisha.prasad@gmail.com,8515899914,iOS Developer,Engineering,5.1,2024-12-13 00:00:00
386,Namrata Varma,namrata.varma@gmail.com,9093422712,DevOps Engineer,Infrastructure,8.0,2025-03-12 00:00:00
387,Sonali Kumar,sonali.kumar@gmail.com,8296598296,Data Analyst,Data & Analytics,4.4,2025-03-27 00:00:00
388,Ishita Srivastava,ishita.srivastava@gmail.com,8465660617,Database Administrator,Infrastructure,6.3,2024-03-26 00:00:00
389,Arjun Reddy,arjun.reddy@gmail.com,8603588815,Full Stack Developer,Engineering,0.5,2025-01-21 00:00:00
390,Khushi Shukla,khushi.shukla@gmail.com,7431470157,Product Manager,Product,6.7,2024-01-18 00:00:00
391,Bhavna Mishra,bhavna.mishra@gmail.com,7501498018,Senior Software Engineer,Engineering,11.7,2024-02-21 00:00:00
392,Piyush Singh,piyush.singh@gmail.com,8299792469,Full Stack Developer,Engineering,8.1,2025-03-11 00:00:00
393,Deepika Verma,deepika.verma@gmail.com,9066305182,Data Scientist,Data & Analytics,1.3,2025-02-17 00:00:00
394,Shubham Nair,shubham.nair@gmail.com,9832040234,Senior Software Engineer,Engineering,4.7,2024-01-09 00:00:00
395,Uday Rajan,uday.rajan@gmail.com,7663644582,Automation Test Engineer,Quality Assurance,9.3,2024-12-04 00:00:00
396,Rishabh Pillai,rishabh.pillai@gmail.com,7200639487,Software Engineer,Engineering,5.9,2024-11-09 00:00:00
397,Aditi Desai,aditi.desai@gmail.com,8316046817,Backend Developer,Engineering,12.0,2024-12-01 00:00:00
398,Aparna Pillai,aparna.pillai@gmail.com,9927309645,Data Analyst,Data & Analytics,6.6,2024-08-16 00:00:00
399,Manish Nair,manish.nair@gmail.com,7785087734,Software Engineer,Engineering,11.7,2025-01-11 00:00:00
400,Lakshmi Patel,lakshmi.patel@gmail.com,7404255504,Business Analyst,Business,5.1,2024-08-11 00:00:00
401,Komal Chauhan,komal.chauhan@gmail.com,7976307209,SRE Engineer,Infrastructure,1.7,2025-02-12 00:00:00
402,Vinay Kumar,vinay.kumar@gmail.com,8407621919,Android Developer,Engineering,6.4,2024-10-24 00:00:00
403,Yash Choudhary,yash.choudhary@gmail.com,7293419048,Backend Developer,Engineering,11.4,2024-05-03 00:00:00
404,Vikram Kapoor,vikram.kapoor@gmail.com,7967484185,Android Developer,Engineering,2.5,2024-05-21 00:00:00
405,Simran Chawla,simran.chawla@gmail.com,8414489126,Product Manager,Product,5.1,2024-08-31 00:00:00
406,Aditi Yadav,aditi.yadav@gmail.com,8736224320,ML Engineer,Data & Analytics,5.0,2024-01-06 00:00:00
407,Archana Khanna,archana.khanna@gmail.com,9080111226,SRE Engineer,Infrastructure,1.0,2025-03-22 00:00:00
408,Neeraj Desai,neeraj.desai@gmail.com,8092152257,Backend Developer,Engineering,6.4,2024-09-16 00:00:00
409,Shubham Garg,shubham.garg@gmail.com,8124151554,Cloud Engineer,Infrastructure,5.6,2024-09-17 00:00:00
410,Aakanksha Dubey,aakanksha.dubey@gmail.com,9943062582,Data Scientist,Data & Analytics,9.7,2024-07-01 00:00:00
411,Ayush Mishra,ayush.mishra@gmail.com,8982461406,Android Developer,Engineering,3.5,2025-02-05 00:00:00
412,Urvashi Mukherjee,urvashi.mukherjee@gmail.com,7263022355,Business Analyst,Business,6.5,2025-01-27 00:00:00
413,Siddharth Prasad,siddharth.prasad@gmail.com,7894187962,Full Stack Developer,Engineering,10.0,2024-01-20 00:00:00
414,Manish Malhotra,manish.malhotra@gmail.com,7397001158,DevOps Engineer,Infrastructure,3.8,2024-06-06 00:00:00
415,Ankit Rajan,ankit.rajan@gmail.com,9852065730,Data Analyst,Data & Analytics,8.5,2024-08-21 00:00:00
416,Nikhil Jain,nikhil.jain@gmail.com,7060092407,DevOps Engineer,Infrastructure,0.8,2025-03-30 00:00:00
417,Nilesh Das,nilesh.das@gmail.com,8535188881,DevOps Engineer,Infrastructure,8.3,2024-07-05 00:00:00
418,Akanksha Krishnan,akanksha.krishnan@gmail.com,7520218081,Data Scientist,Data & Analytics,10.2,2024-01-02 00:00:00
419,Aparna Rao,aparna.rao@gmail.com,8612083072,Business Analyst,Business,11.0,2024-04-24 00:00:00
420,Kavita Rajan,kavita.rajan@gmail.com,9614021627,Database Administrator,Infrastructure,0.8,2024-03-30 00:00:00
421,Amit Menon,amit.menon@gmail.com,9662541593,SRE Engineer,Infrastructure,10.2,2024-01-02 00:00:00
422,Pooja Mehta,pooja.mehta@gmail.com,9276378309,Cloud Engineer,Infrastructure,6.6,2025-03-30 00:00:00
423,Prashant Das,prashant.das@gmail.com,7091452662,SRE Engineer,Infrastructure,6.0,2024-10-16 00:00:00
424,Sandhya Das,sandhya.das@gmail.com,7313831757,Cloud Engineer,Infrastructure,7.5,2024-02-17 00:00:00
425,Anusha Nair,anusha.nair2@gmail.com,8939982030,Automation Test Engineer,Quality Assurance,11.1,2025-03-28 00:00:00
426,Ashish Nair,ashish.nair@gmail.com,7426074195,ML Engineer,Data & Analytics,9.2,2024-04-25 00:00:00
427,Aryan Prasad,aryan.prasad@gmail.com,8240638317,Database Administrator,Infrastructure,8.4,2024-07-25 00:00:00
428,Prashant Patel,prashant.patel@gmail.com,7870729566,iOS Developer,Engineering,11.0,2024-08-03 00:00:00
429,Ishita Bose,ishita.bose@gmail.com,9428156245,iOS Developer,Engineering,11.3,2024-08-15 00:00:00
430,Akanksha Agarwal,akanksha.agarwal@gmail.com,7279957370,Full Stack Developer,Engineering,8.1,2024-01-25 00:00:00
431,Raunak Nair,raunak.nair@gmail.com,9188961492,SRE Engineer,Infrastructure,4.6,2024-01-13 00:00:00
432,Pratik Jain,pratik.jain@gmail.com,9432047498,Android Developer,Engineering,0.9,2025-02-09 00:00:00
433,Hemant Varma,hemant.varma@gmail.com,7677971925,Senior Software Engineer,Engineering,3.1,2024-07-05 00:00:00
434,Roshni Jain,roshni.jain@gmail.com,7822246097,Backend Developer,Engineering,1.3,2024-06-28 00:00:00
435,Divya Chauhan,divya.chauhan@gmail.com,7329204316,Database Administrator,Infrastructure,8.8,2024-12-18 00:00:00
436,Neeraj Bose,neeraj.bose@gmail.com,9613342143,Data Analyst,Data & Analytics,3.0,2025-02-03 00:00:00
437,Lokesh Shah,lokesh.shah@gmail.com,9743357698,iOS Developer,Engineering,3.5,2024-03-03 00:00:00
438,Karan Shukla,karan.shukla@gmail.com,7732881887,Product Manager,Product,9.2,2024-01-25 00:00:00
439,Ekta Yadav,ekta.yadav@gmail.com,8628398294,UI/UX Designer,Design,1.5,2024-12-07 00:00:00
440,Sapna Rao,sapna.rao@gmail.com,7012259693,Frontend Developer,Engineering,11.0,2024-06-03 00:00:00
441,Arnav Khanna,arnav.khanna@gmail.com,9159197094,Business Analyst,Business,8.2,2024-01-10 00:00:00
442,Karan Chawla,karan.chawla@gmail.com,9656917209,Data Analyst,Data & Analytics,3.3,2024-05-27 00:00:00
443,Harshit Khan,harshit.khan@gmail.com,7303695145,Software Engineer,Engineering,8.1,2024-06-15 00:00:00
444,Urvashi Sinha,urvashi.sinha@gmail.com,9558625052,Frontend Developer,Engineering,8.3,2024-01-27 00:00:00
445,Sonal Mukherjee,sonal.mukherjee@gmail.com,9379420176,iOS Developer,Engineering,9.2,2024-07-26 00:00:00
446,Bhavna Rajan,bhavna.rajan2@gmail.com,8293997199,DevOps Engineer,Infrastructure,11.2,2024-03-26 00:00:00
447,Archana Krishnan,archana.krishnan@gmail.com,7305859086,UI/UX Designer,Design,11.3,2024-08-03 00:00:00
448,Aakanksha Bansal,aakanksha.bansal@gmail.com,8114647577,Product Manager,Product,1.5,2024-03-30 00:00:00
449,Pratik Dubey,pratik.dubey@gmail.com,7063495630,Software Engineer,Engineering,6.7,2024-01-03 00:00:00
450,Mohit Sharma,mohit.sharma2@gmail.com,9630519000,Data Scientist,Data & Analytics,4.0,2025-01-06 00:00:00
451,Shubham Prasad,shubham.prasad@gmail.com,9639157829,Cybersecurity Analyst,Security,5.7,2024-08-17 00:00:00
452,Jay Ghosh,jay.ghosh@gmail.com,7971506399,Android Developer,Engineering,4.2,2024-01-10 00:00:00
453,Mihir Srivastava,mihir.srivastava@gmail.com,8253372453,Software Engineer,Engineering,2.9,2024-05-04 00:00:00
454,Neha Prasad,neha.prasad@gmail.com,8065182321,Business Analyst,Business,5.9,2024-03-14 00:00:00
455,Ishita Das,ishita.das@gmail.com,8249103547,Senior Software Engineer,Engineering,0.9,2024-02-26 00:00:00
456,Vikas Kaur,vikas.kaur@gmail.com,7773838229,Product Manager,Product,10.6,2024-01-13 00:00:00
457,Yash Jain,yash.jain@gmail.com,8913808479,SRE Engineer,Infrastructure,2.4,2024-04-26 00:00:00
458,Kritika Singh,kritika.singh@gmail.com,8578199541,Product Manager,Product,1.4,2025-03-12 00:00:00
459,Harshit Srivastava,harshit.srivastava@gmail.com,7892779507,iOS Developer,Engineering,5.0,2024-06-14 00:00:00
460,Nidhi Malhotra,nidhi.malhotra@gmail.com,7584353981,QA Engineer,Quality Assurance,6.5,2024-07-13 00:00:00
461,Vivek Reddy,vivek.reddy@gmail.com,8364916323,ML Engineer,Data & Analytics,1.9,2024-06-27 00:00:00
462,Roshni Khanna,roshni.khanna@gmail.com,8050097708,Backend Developer,Engineering,8.4,2024-12-18 00:00:00
463,Rajan Shukla,rajan.shukla@gmail.com,7675986188,Cybersecurity Analyst,Security,5.0,2024-05-26 00:00:00
464,Karan Khanna,karan.khanna@gmail.com,8070951987,iOS Developer,Engineering,2.1,2025-02-15 00:00:00
465,Vikram Mishra,vikram.mishra@gmail.com,9044768132,Full Stack Developer,Engineering,7.1,2025-02-17 00:00:00
466,Saurabh Kaur,saurabh.kaur@gmail.com,8890675242,QA Engineer,Quality Assurance,7.1,2024-05-03 00:00:00
467,Vaibhav Bansal,vaibhav.bansal@gmail.com,9256692905,Android Developer,Engineering,1.7,2024-10-09 00:00:00
468,Simran Shah,simran.shah@gmail.com,9831248339,Automation Test Engineer,Quality Assurance,9.8,2024-03-24 00:00:00
469,Aarav Khanna,aarav.khanna@gmail.com,9069422480,Database Administrator,Infrastructure,7.1,2025-03-27 00:00:00
470,Parth Yadav,parth.yadav@gmail.com,9481790312,iOS Developer,Engineering,7.9,2024-07-23 00:00:00
471,Rakesh Agarwal,rakesh.agarwal@gmail.com,9342936926,UI/UX Designer,Design,4.6,2024-11-28 00:00:00
472,Sumit Kaur,sumit.kaur@gmail.com,9126758931,DevOps Engineer,Infrastructure,9.7,2024-08-05 00:00:00
473,Monika Patil,monika.patil2@gmail.com,9532888636,Full Stack Developer,Engineering,7.2,2024-10-02 00:00:00
474,Ansh Malhotra,ansh.malhotra@gmail.com,8206539291,UI/UX Designer,Design,8.2,2024-02-15 00:00:00
475,Sahil Tripathi,sahil.tripathi@gmail.com,9522117332,Senior Software Engineer,Engineering,6.8,2024-04-22 00:00:00
476,Vikram Saxena,vikram.saxena@gmail.com,8367393854,Business Analyst,Business,9.1,2024-02-21 00:00:00
477,Piyush Saxena,piyush.saxena@gmail.com,9983251946,Android Developer,Engineering,8.8,2024-06-01 00:00:00
478,Ankit Agarwal,ankit.agarwal@gmail.com,9911658685,DevOps Engineer,Infrastructure,1.2,2024-03-19 00:00:00
479,Ishan Chauhan,ishan.chauhan@gmail.com,8067116862,QA Engineer,Quality Assurance,10.0,2024-03-10 00:00:00
480,Manish Shukla,manish.shukla@gmail.com,8997859526,Cybersecurity Analyst,Security,8.1,2024-09-23 00:00:00
481,Ankit Srivastava,ankit.srivastava@gmail.com,9763170896,Cloud Engineer,Infrastructure,6.7,2024-09-20 00:00:00
482,Anusha Rao,anusha.rao@gmail.com,8052471490,SRE Engineer,Infrastructure,10.8,2024-01-25 00:00:00
483,Komal Patel,komal.patel@gmail.com,9135417750,QA Engineer,Quality Assurance,4.7,2024-03-29 00:00:00
484,Bhavesh Pillai,bhavesh.pillai@gmail.com,7675515930,Senior Software Engineer,Engineering,6.6,2025-02-15 00:00:00
485,Ishita Bose,ishita.bose2@gmail.com,9428346183,Automation Test Engineer,Quality Assurance,8.2,2024-01-03 00:00:00
486,Aarav Patil,aarav.patil@gmail.com,8381278129,Full Stack Developer,Engineering,7.6,2025-02-27 00:00:00
487,Aryan Mehta,aryan.mehta2@gmail.com,9161004174,Business Analyst,Business,5.6,2024-09-24 00:00:00
488,Soham Sinha,soham.sinha@gmail.com,9124596341,Backend Developer,Engineering,1.1,2024-12-09 00:00:00
489,Ritu Mehta,ritu.mehta@gmail.com,8367455643,Database Administrator,Infrastructure,6.4,2024-10-11 00:00:00
490,Mihir Verma,mihir.verma@gmail.com,9065059046,Business Analyst,Business,6.2,2024-11-03 00:00:00
491,Chirag Chawla,chirag.chawla@gmail.com,7962831379,Product Manager,Product,1.4,2024-05-08 00:00:00
492,Trisha Tiwari,trisha.tiwari@gmail.com,7950167756,Full Stack Developer,Engineering,6.3,2024-03-09 00:00:00
493,Deepak Sen,deepak.sen@gmail.com,7269705150,iOS Developer,Engineering,6.5,2025-03-20 00:00:00
494,Raj Das,raj.das@gmail.com,9441215253,Cloud Engineer,Infrastructure,11.5,2024-12-15 00:00:00
495,Saurabh Tripathi,saurabh.tripathi@gmail.com,7236366864,iOS Developer,Engineering,9.0,2024-11-12 00:00:00
496,Harsh Prasad,harsh.prasad@gmail.com,9876433890,Senior Software Engineer,Engineering,0.6,2024-06-24 00:00:00
497,Rohit Singh,rohit.singh@gmail.com,8064750358,QA Engineer,Quality Assurance,10.1,2025-01-12 00:00:00
498,Sakshi Khan,sakshi.khan@gmail.com,8274958044,Cloud Engineer,Infrastructure,8.1,2024-11-02 00:00:00
499,Ashish Saxena,ashish.saxena@gmail.com,7980065305,Backend Developer,Engineering,2.6,2024-08-11 00:00:00
500,Jyoti Mehta,jyoti.mehta@gmail.com,7281069889,Database Administrator,Infrastructure,1.5,2024-03-26 00:00:00
